{
  "RandomForest": 0.7407407407407407,
  "LogisticRegression": 0.6762688614540466,
  "CNN": 0.7421124577522278
}