{
  "RandomForest": 0.7616438356164383,
  "LogisticRegression": 0.6602739726027397,
  "CNN": 0.7123287916183472
}